{
  "id": "",
  "name": "",
  "font_family": "iconfont",
  "css_prefix_text": "icon-",
  "description": "",
  "glyphs": [
    {
      "icon_id": "5030",
      "name": "购物车满",
      "font_class": "gouwucheman",
      "unicode": "344b",
      "unicode_decimal": 13387
    },
    {
      "icon_id": "915709",
      "name": "首页 (2)",
      "font_class": "shouye2",
      "unicode": "e681",
      "unicode_decimal": 59009
    },
    {
      "icon_id": "5809202",
      "name": "首页",
      "font_class": "shouye",
      "unicode": "e694",
      "unicode_decimal": 59028
    },
    {
      "icon_id": "6260306",
      "name": "首页",
      "font_class": "shouye1",
      "unicode": "e615",
      "unicode_decimal": 58901
    }
  ]
}
